ACPL	https://docs.hdfgroup.org/hdf5/v1_14/group___a_c_p_l.html
APPDBG	https://docs.hdfgroup.org/hdf5/v1_14/_a_p_p_d_b_g.html
ARRAY	https://docs.hdfgroup.org/hdf5/v1_14/group___a_r_r_a_y.html
AR_UG	https://docs.hdfgroup.org/hdf5/v1_14/_a_r__u_g.html
ASYNC	https://docs.hdfgroup.org/hdf5/v1_14/group___a_s_y_n_c.html
ATOM	https://docs.hdfgroup.org/hdf5/v1_14/group___a_t_o_m.html
About	https://docs.hdfgroup.org/hdf5/v1_14/_about.html
Accessibility	https://docs.hdfgroup.org/hdf5/v1_14/_accessibility.html
Attributes	https://docs.hdfgroup.org/hdf5/v1_14/_attributes.html
COMPENUM	https://docs.hdfgroup.org/hdf5/v1_14/group___c_o_m_p_e_n_u_m.html
COMPOUND	https://docs.hdfgroup.org/hdf5/v1_14/group___c_o_m_p_o_u_n_d.html
CONV	https://docs.hdfgroup.org/hdf5/v1_14/group___c_o_n_v.html
Cookbook	https://docs.hdfgroup.org/hdf5/v1_14/_cookbook.html
DAPL	https://docs.hdfgroup.org/hdf5/v1_14/group___d_a_p_l.html
DCPL	https://docs.hdfgroup.org/hdf5/v1_14/group___d_c_p_l.html
DDLBNF110	https://docs.hdfgroup.org/hdf5/v1_14/_d_d_l_b_n_f110.html
DDLBNF112	https://docs.hdfgroup.org/hdf5/v1_14/_d_d_l_b_n_f112.html
DXPL	https://docs.hdfgroup.org/hdf5/v1_14/group___d_x_p_l.html
ENUM	https://docs.hdfgroup.org/hdf5/v1_14/group___e_n_u_m.html
ERRORS	https://docs.hdfgroup.org/hdf5/v1_14/_e_r_r_o_r_s.html
ERRORSLIB	https://docs.hdfgroup.org/hdf5/v1_14/_e_r_r_o_r_s_l_i_b.html
FAPL	https://docs.hdfgroup.org/hdf5/v1_14/group___f_a_p_l.html
FCPL	https://docs.hdfgroup.org/hdf5/v1_14/group___f_c_p_l.html
FH5	https://docs.hdfgroup.org/hdf5/v1_14/group___f_h5.html
FH5A	https://docs.hdfgroup.org/hdf5/v1_14/group___f_h5_a.html
FH5D	https://docs.hdfgroup.org/hdf5/v1_14/group___f_h5_d.html
FH5DS	https://docs.hdfgroup.org/hdf5/v1_14/group___f_h5_d_s.html
FH5E	https://docs.hdfgroup.org/hdf5/v1_14/group___f_h5_e.html
FH5ES	https://docs.hdfgroup.org/hdf5/v1_14/group___f_h5_e_s.html
FH5F	https://docs.hdfgroup.org/hdf5/v1_14/group___f_h5_f.html
FH5G	https://docs.hdfgroup.org/hdf5/v1_14/group___f_h5_g.html
FH5I	https://docs.hdfgroup.org/hdf5/v1_14/group___f_h5_i.html
FH5IM	https://docs.hdfgroup.org/hdf5/v1_14/group___f_h5_i_m.html
FH5L	https://docs.hdfgroup.org/hdf5/v1_14/group___f_h5_l.html
FH5LT	https://docs.hdfgroup.org/hdf5/v1_14/group___f_h5_l_t.html
FH5O	https://docs.hdfgroup.org/hdf5/v1_14/group___f_h5_o.html
FH5P	https://docs.hdfgroup.org/hdf5/v1_14/group___f_h5_p.html
FH5R	https://docs.hdfgroup.org/hdf5/v1_14/group___f_h5_r.html
FH5S	https://docs.hdfgroup.org/hdf5/v1_14/group___f_h5_s.html
FH5T	https://docs.hdfgroup.org/hdf5/v1_14/group___f_h5_t.html
FH5TB	https://docs.hdfgroup.org/hdf5/v1_14/group___f_h5_t_b.html
FH5VL	https://docs.hdfgroup.org/hdf5/v1_14/group___f_h5_v_l.html
FH5Z	https://docs.hdfgroup.org/hdf5/v1_14/group___f_h5_z.html
FILTER	https://docs.hdfgroup.org/hdf5/v1_14/_f_i_l_t_e_r.html
FLETCHER32	https://docs.hdfgroup.org/hdf5/v1_14/group___f_l_e_t_c_h_e_r32.html
FMPL	https://docs.hdfgroup.org/hdf5/v1_14/group___f_m_p_l.html
FMT1	https://docs.hdfgroup.org/hdf5/v1_14/_f_m_t1.html
FMT11	https://docs.hdfgroup.org/hdf5/v1_14/_f_m_t11.html
FMT2	https://docs.hdfgroup.org/hdf5/v1_14/_f_m_t2.html
FMT3	https://docs.hdfgroup.org/hdf5/v1_14/_f_m_t3.html
FMTDISC	https://docs.hdfgroup.org/hdf5/v1_14/_f_m_t_d_i_s_c.html
FTS	https://docs.hdfgroup.org/hdf5/v1_14/_f_t_s.html
Files	https://docs.hdfgroup.org/hdf5/v1_14/_files.html
GAPL	https://docs.hdfgroup.org/hdf5/v1_14/group___g_a_p_l.html
GCPL	https://docs.hdfgroup.org/hdf5/v1_14/group___g_c_p_l.html
GLS	https://docs.hdfgroup.org/hdf5/v1_14/_g_l_s.html
GettingStarted	https://docs.hdfgroup.org/hdf5/v1_14/_getting_started.html
H5	https://docs.hdfgroup.org/hdf5/v1_14/group___h5.html
H5A	https://docs.hdfgroup.org/hdf5/v1_14/group___h5_a.html
H5AC-cache-config-t	https://docs.hdfgroup.org/hdf5/v1_14/_h5_a_c-cache-config-t.html
H5A_UG	https://docs.hdfgroup.org/hdf5/v1_14/_h5_a__u_g.html
H5D	https://docs.hdfgroup.org/hdf5/v1_14/group___h5_d.html
H5DM_UG	https://docs.hdfgroup.org/hdf5/v1_14/_h5_d_m__u_g.html
H5DO	https://docs.hdfgroup.org/hdf5/v1_14/group___h5_d_o.html
H5DO_UG	https://docs.hdfgroup.org/hdf5/v1_14/_h5_d_o__u_g.html
H5DS	https://docs.hdfgroup.org/hdf5/v1_14/group___h5_d_s.html
H5DS_UG	https://docs.hdfgroup.org/hdf5/v1_14/_h5_d_s__u_g.html
H5D_UG	https://docs.hdfgroup.org/hdf5/v1_14/_h5_d__u_g.html
H5E	https://docs.hdfgroup.org/hdf5/v1_14/group___h5_e.html
H5ES	https://docs.hdfgroup.org/hdf5/v1_14/group___h5_e_s.html
H5ES_UG	https://docs.hdfgroup.org/hdf5/v1_14/_h5_e_s__u_g.html
H5E_UG	https://docs.hdfgroup.org/hdf5/v1_14/_h5_e__u_g.html
H5F	https://docs.hdfgroup.org/hdf5/v1_14/group___h5_f.html
H5F_UG	https://docs.hdfgroup.org/hdf5/v1_14/_h5_f__u_g.html
H5G	https://docs.hdfgroup.org/hdf5/v1_14/group___h5_g.html
H5G_UG	https://docs.hdfgroup.org/hdf5/v1_14/_h5_g__u_g.html
H5I	https://docs.hdfgroup.org/hdf5/v1_14/group___h5_i.html
H5IM	https://docs.hdfgroup.org/hdf5/v1_14/group___h5_i_m.html
H5IM_UG	https://docs.hdfgroup.org/hdf5/v1_14/_h5_i_m__u_g.html
H5IUD	https://docs.hdfgroup.org/hdf5/v1_14/group___h5_i_u_d.html
H5I_UG	https://docs.hdfgroup.org/hdf5/v1_14/_h5_i__u_g.html
H5L	https://docs.hdfgroup.org/hdf5/v1_14/group___h5_l.html
H5LA	https://docs.hdfgroup.org/hdf5/v1_14/group___h5_l_a.html
H5LR	https://docs.hdfgroup.org/hdf5/v1_14/group___h5_l_r.html
H5LT	https://docs.hdfgroup.org/hdf5/v1_14/group___h5_l_t.html
H5LT_UG	https://docs.hdfgroup.org/hdf5/v1_14/_h5_l_t__u_g.html
H5L_UG	https://docs.hdfgroup.org/hdf5/v1_14/_h5_l__u_g.html
H5M	https://docs.hdfgroup.org/hdf5/v1_14/group___h5_m.html
H5M_UG	https://docs.hdfgroup.org/hdf5/v1_14/_h5_m__u_g.html
H5O	https://docs.hdfgroup.org/hdf5/v1_14/group___h5_o.html
H5O_UG	https://docs.hdfgroup.org/hdf5/v1_14/_h5_o__u_g.html
H5P	https://docs.hdfgroup.org/hdf5/v1_14/group___h5_p.html
H5PL	https://docs.hdfgroup.org/hdf5/v1_14/group___h5_p_l.html
H5PL_UG	https://docs.hdfgroup.org/hdf5/v1_14/_h5_p_l__u_g.html
H5PT	https://docs.hdfgroup.org/hdf5/v1_14/group___h5_p_t.html
H5PT_UG	https://docs.hdfgroup.org/hdf5/v1_14/_h5_p_t__u_g.html
H5P_UG	https://docs.hdfgroup.org/hdf5/v1_14/_h5_p__u_g.html
H5R	https://docs.hdfgroup.org/hdf5/v1_14/group___h5_r.html
H5R_UG	https://docs.hdfgroup.org/hdf5/v1_14/_h5_r__u_g.html
H5S	https://docs.hdfgroup.org/hdf5/v1_14/group___h5_s.html
H5S_UG	https://docs.hdfgroup.org/hdf5/v1_14/_h5_s__u_g.html
H5T	https://docs.hdfgroup.org/hdf5/v1_14/group___h5_t.html
H5TB	https://docs.hdfgroup.org/hdf5/v1_14/group___h5_t_b.html
H5TB_UG	https://docs.hdfgroup.org/hdf5/v1_14/_h5_t_b__u_g.html
H5T_UG	https://docs.hdfgroup.org/hdf5/v1_14/_h5_t__u_g.html
H5VL	https://docs.hdfgroup.org/hdf5/v1_14/group___h5_v_l.html
H5VLDEF	https://docs.hdfgroup.org/hdf5/v1_14/group___h5_v_l_d_e_f.html
H5VLDEV	https://docs.hdfgroup.org/hdf5/v1_14/group___h5_v_l_d_e_v.html
H5VLNAT	https://docs.hdfgroup.org/hdf5/v1_14/group___h5_v_l_n_a_t.html
H5VLPT	https://docs.hdfgroup.org/hdf5/v1_14/group___h5_v_l_p_t.html
H5VL_UG	https://docs.hdfgroup.org/hdf5/v1_14/_h5_v_l__u_g.html
H5Z	https://docs.hdfgroup.org/hdf5/v1_14/group___h5_z.html
H5ZPRE	https://docs.hdfgroup.org/hdf5/v1_14/group___h5_z_p_r_e.html
H5Z_UG	https://docs.hdfgroup.org/hdf5/v1_14/_h5_z__u_g.html
H5_UG	https://docs.hdfgroup.org/hdf5/v1_14/_h5__u_g.html
HDF5CONST	https://docs.hdfgroup.org/hdf5/v1_14/_h_d_f5_c_o_n_s_t.html
HDF5Examples	https://docs.hdfgroup.org/hdf5/v1_14/_h_d_f5_examples.html
HDF5LIB	https://docs.hdfgroup.org/hdf5/v1_14/_h_d_f5_l_i_b.html
HDFNATIVE	https://docs.hdfgroup.org/hdf5/v1_14/_h_d_f_n_a_t_i_v_e.html
IMG	https://docs.hdfgroup.org/hdf5/v1_14/_i_m_g.html
IOFLOW	https://docs.hdfgroup.org/hdf5/v1_14/_i_o_f_l_o_w.html
IntroHDF5	https://docs.hdfgroup.org/hdf5/v1_14/_intro_h_d_f5.html
JERR	https://docs.hdfgroup.org/hdf5/v1_14/group___j_e_r_r.html
JERRJAVA	https://docs.hdfgroup.org/hdf5/v1_14/group___j_e_r_r_j_a_v_a.html
JERRLIB	https://docs.hdfgroup.org/hdf5/v1_14/group___j_e_r_r_l_i_b.html
JH5	https://docs.hdfgroup.org/hdf5/v1_14/group___j_h5.html
LAPL	https://docs.hdfgroup.org/hdf5/v1_14/group___l_a_p_l.html
LBAPI	https://docs.hdfgroup.org/hdf5/v1_14/_l_b_a_p_i.html
LBAttrCreate	https://docs.hdfgroup.org/hdf5/v1_14/_l_b_attr_create.html
LBComDset	https://docs.hdfgroup.org/hdf5/v1_14/_l_b_com_dset.html
LBCompiling	https://docs.hdfgroup.org/hdf5/v1_14/_l_b_compiling.html
LBContents	https://docs.hdfgroup.org/hdf5/v1_14/_l_b_contents.html
LBDatatypes	https://docs.hdfgroup.org/hdf5/v1_14/_l_b_datatypes.html
LBDsetCreate	https://docs.hdfgroup.org/hdf5/v1_14/_l_b_dset_create.html
LBDsetLayout	https://docs.hdfgroup.org/hdf5/v1_14/_l_b_dset_layout.html
LBDsetRW	https://docs.hdfgroup.org/hdf5/v1_14/_l_b_dset_r_w.html
LBDsetSubRW	https://docs.hdfgroup.org/hdf5/v1_14/_l_b_dset_sub_r_w.html
LBExamples	https://docs.hdfgroup.org/hdf5/v1_14/_l_b_examples.html
LBExtDset	https://docs.hdfgroup.org/hdf5/v1_14/_l_b_ext_dset.html
LBFileCreate	https://docs.hdfgroup.org/hdf5/v1_14/_l_b_file_create.html
LBFileOrg	https://docs.hdfgroup.org/hdf5/v1_14/_l_b_file_org.html
LBGrpCreate	https://docs.hdfgroup.org/hdf5/v1_14/_l_b_grp_create.html
LBGrpCreateNames	https://docs.hdfgroup.org/hdf5/v1_14/_l_b_grp_create_names.html
LBGrpDset	https://docs.hdfgroup.org/hdf5/v1_14/_l_b_grp_dset.html
LBProg	https://docs.hdfgroup.org/hdf5/v1_14/_l_b_prog.html
LBPropsList	https://docs.hdfgroup.org/hdf5/v1_14/_l_b_props_list.html
LBQuiz	https://docs.hdfgroup.org/hdf5/v1_14/_l_b_quiz.html
LBQuizAnswers	https://docs.hdfgroup.org/hdf5/v1_14/_l_b_quiz_answers.html
LBTraining	https://docs.hdfgroup.org/hdf5/v1_14/_l_b_training.html
LCPL	https://docs.hdfgroup.org/hdf5/v1_14/group___l_c_p_l.html
LearnBasics	https://docs.hdfgroup.org/hdf5/v1_14/_learn_basics.html
LearnHDFView	https://docs.hdfgroup.org/hdf5/v1_14/_learn_h_d_f_view.html
MDC	https://docs.hdfgroup.org/hdf5/v1_14/group___m_d_c.html
MT	https://docs.hdfgroup.org/hdf5/v1_14/_m_t.html
OCPL	https://docs.hdfgroup.org/hdf5/v1_14/group___o_c_p_l.html
OCPYPL	https://docs.hdfgroup.org/hdf5/v1_14/group___o_c_p_y_p_l.html
OPAQUE	https://docs.hdfgroup.org/hdf5/v1_14/group___o_p_a_q_u_e.html
PDT	https://docs.hdfgroup.org/hdf5/v1_14/group___p_d_t.html
PDTALPHA	https://docs.hdfgroup.org/hdf5/v1_14/group___p_d_t_a_l_p_h_a.html
PDTC9x	https://docs.hdfgroup.org/hdf5/v1_14/group___p_d_t_c9x.html
PDTCPU	https://docs.hdfgroup.org/hdf5/v1_14/group___p_d_t_c_p_u.html
PDTIEEE	https://docs.hdfgroup.org/hdf5/v1_14/group___p_d_t_i_e_e_e.html
PDTMIPS	https://docs.hdfgroup.org/hdf5/v1_14/group___p_d_t_m_i_p_s.html
PDTNAT	https://docs.hdfgroup.org/hdf5/v1_14/group___p_d_t_n_a_t.html
PDTS	https://docs.hdfgroup.org/hdf5/v1_14/group___p_d_t_s.html
PDTSTD	https://docs.hdfgroup.org/hdf5/v1_14/group___p_d_t_s_t_d.html
PDTUNIX	https://docs.hdfgroup.org/hdf5/v1_14/group___p_d_t_u_n_i_x.html
PDTX86	https://docs.hdfgroup.org/hdf5/v1_14/group___p_d_t_x86.html
PH5F	https://docs.hdfgroup.org/hdf5/v1_14/group___p_h5_f.html
PLCR	https://docs.hdfgroup.org/hdf5/v1_14/group___p_l_c_r.html
PLCRA	https://docs.hdfgroup.org/hdf5/v1_14/group___p_l_c_r_a.html
Performance	https://docs.hdfgroup.org/hdf5/v1_14/_performance.html
RFC	https://docs.hdfgroup.org/hdf5/v1_14/_r_f_c.html
RM	https://docs.hdfgroup.org/hdf5/v1_14/_r_m.html
RMT	https://docs.hdfgroup.org/hdf5/v1_14/_r_m_t.html
SCALEOFFSET	https://docs.hdfgroup.org/hdf5/v1_14/group___s_c_a_l_e_o_f_f_s_e_t.html
SHUFFLE	https://docs.hdfgroup.org/hdf5/v1_14/group___s_h_u_f_f_l_e.html
SPEC	https://docs.hdfgroup.org/hdf5/v1_14/_s_p_e_c.html
STRCPL	https://docs.hdfgroup.org/hdf5/v1_14/group___s_t_r_c_p_l.html
SWMR	https://docs.hdfgroup.org/hdf5/v1_14/group___s_w_m_r.html
SZIP	https://docs.hdfgroup.org/hdf5/v1_14/group___s_z_i_p.html
TAPL	https://docs.hdfgroup.org/hdf5/v1_14/group___t_a_p_l.html
TBL	https://docs.hdfgroup.org/hdf5/v1_14/_t_b_l.html
TCPL	https://docs.hdfgroup.org/hdf5/v1_14/group___t_c_p_l.html
TN	https://docs.hdfgroup.org/hdf5/v1_14/_t_n.html
TNMDC	https://docs.hdfgroup.org/hdf5/v1_14/_t_n_m_d_c.html
TRAV	https://docs.hdfgroup.org/hdf5/v1_14/group___t_r_a_v.html
UG	https://docs.hdfgroup.org/hdf5/v1_14/_u_g.html
VFL	https://docs.hdfgroup.org/hdf5/v1_14/_v_f_l.html
VLEN	https://docs.hdfgroup.org/hdf5/v1_14/group___v_l_e_n.html
VOL_Connector	https://docs.hdfgroup.org/hdf5/v1_14/_v_o_l__connector.html
ViewTools	https://docs.hdfgroup.org/hdf5/v1_14/_view_tools.html
ViewToolsCommand	https://docs.hdfgroup.org/hdf5/v1_14/_view_tools_command.html
ViewToolsConvert	https://docs.hdfgroup.org/hdf5/v1_14/_view_tools_convert.html
ViewToolsEdit	https://docs.hdfgroup.org/hdf5/v1_14/_view_tools_edit.html
ViewToolsJPSS	https://docs.hdfgroup.org/hdf5/v1_14/_view_tools_j_p_s_s.html
ViewToolsView	https://docs.hdfgroup.org/hdf5/v1_14/_view_tools_view.html
api-compat-macros	https://docs.hdfgroup.org/hdf5/v1_14/api-compat-macros.html
index	https://docs.hdfgroup.org/hdf5/v1_14/index.html
maybe_metadata_reads	https://docs.hdfgroup.org/hdf5/v1_14/maybe_metadata_reads.html
predefined_datatypes_tables	https://docs.hdfgroup.org/hdf5/v1_14/predefined_datatypes_tables.html
